product_id,Sku_name,Total_sales,price,Total_comment_count,Product_score
5.74786E+11,Hugo Boss【BOSS】男士商务休闲衬衫50393522 ,95,660,17,5
5.66689E+11,Hugo Boss【Hugo】男士系带运动鞋50383740 ,42,1300,13,5
5.6689E+11,Hugo Boss【Hugo】男士黑色混纺牛仔裤50382891 ,117,550,31,4.7
5.64998E+11,Hugo Boss【Hugo】男士深蓝色弹力牛仔布牛仔裤50382883 ,77,550,21,4.7
5.76436E+11,Hugo Boss【BOSS】男士运动休闲低腰斜纹休闲裤50380145 ,20,1240,3,5
5.77201E+11,Hugo Boss【BOSS】男士商务休闲弹力棉牛仔长裤50379506 ,105,825,25,4.9
5.65893E+11,Hugo Boss【HUGO】男士休闲版防风夹克50382510 ,18,1700,5,5
5.77614E+11,Hugo Boss【BOSS】男士商务休闲系带方形鞋头男鞋50221543 ,100,1680,21,4.7
5.8258E+11,Hugo Boss【Hugo】男士反转logo印花短袖T恤50388624 ,11,396,1,5
5.77733E+11,Hugo Boss【BOSS】男士商务休闲系带休闲鞋男鞋50388431 ,85,775,23,4.8
5.7653E+11,Hugo Boss【BOSS】男士商务休闲短袖polo衫50391728 ,43,660,7,5
5.7691E+11,Hugo Boss【BOSS】男士商务休闲夹克外套50381319 ,70,2150,19,5
5.56898E+11,Hugo Boss【BOSS】男士商务休闲混纺衬衫50260064 ,37,840,9,4.6
5.72494E+11,Hugo Boss【Hugo】女士连衣裙50390787 ,11,1400,1,5
5.73727E+11,Hugo Boss【BOSS】男士商务休闲衬衫50395832 ,61,810,10,5
5.82107E+11,Hugo Boss【BOSS】男士运动休闲修身版棉质长袖Polo衫50399195 ,3,1200,0,无数据
5.77194E+11,Hugo Boss【BOSS】男士商务休闲中长款棉质风衣50385739 ,16,2150,2,5
5.81324E+11,Hugo Boss【BOSS】女士舒适休闲法式毛圈布连帽运动衫50396086 ,4,1015,2,5
5.78191E+11,Hugo Boss【BOSS】男士商务休闲牛仔长裤50384591 ,45,725,6,4.6
5.78152E+11,Hugo Boss【BOSS】男士运动休闲束带休闲裤50392662 ,36,1440,11,4.7
5.69462E+11,Hugo Boss【BOSS】男士运动休闲棉短袖印花T恤50389092 ,101,396,23,5
5.73691E+11,Hugo Boss【BOSS】男士运动休闲logo双面腰带50397568 ,41,880,10,5
5.79391E+11,Hugo Boss【BOSS】男士商务休闲西装外套50375810 ,7,5800,0,无数据
5.74825E+11,Hugo Boss【Hugo】女士秋冬黑色毛衣50394807 ,21,623,6,5
5.82644E+11,Hugo Boss【BOSS】男士商务休闲修身版棉质长袖衬衫50393245 ,27,660,6,5
5.69374E+11,Hugo Boss【Hugo】女士商务衬衫50388854 ,12,550,2,5
5.81315E+11,Hugo Boss【BOSS】男士商务休闲双面绸飞行员夹克外套50403104 ,2,5600,1,5
5.76243E+11,Hugo Boss【BOSS】男士商务休闲西装西服外套50394392 ,11,3920,3,3.6
5.80216E+11,Hugo Boss【BOSS】男士运动休闲短袖T恤50394125 ,29,462,5,4
5.69556E+11,Hugo Boss【BOSS】男士商务休闲棉凸纹布polo衫50387509 ,136,660,36,4.9
5.81319E+11,Hugo Boss【BOSS】男士运动休闲羽绒服50394484 ,5,6100,3,5
5.65892E+11,Hugo Boss【BOSS】男士舒适休闲弹力牛仔裤50382099 ,69,675,14,5
5.75242E+11,Hugo Boss【BOSS】男士运动休闲polo衫50379127 ,81,960,17,5
5.47517E+11,Hugo Boss【BOSS】男士修身弹力棉牛仔裤50302746 ,123,945,36,4.8
5.69477E+11,Hugo Boss【BOSS】男士商务休闲丝光棉polo衫50388537 ,71,660,13,4.9
5.76978E+11,Hugo Boss【BOSS】男士运动休闲短袖polo衫50395931 ,20,840,4,5
5.80702E+11,Hugo Boss【BOSS】男士商务休闲polo衫50391436 ,17,1160,7,5
5.70998E+11,Hugo Boss【BOSS】男士运动休闲几何图案印花T恤50389058 ,63,462,23,4.9
5.74693E+11,Hugo Boss【BOSS】男士商务休闲腰带50397944 ,23,1450,7,5
5.45269E+11,Hugo Boss【BOSS】男士斜纹休闲裤长裤50325944 ,371,1450,131,4.7
5.68499E+11,Hugo Boss【BOSS】男士运动休闲黑色长裤50387168 ,34,1160,12,5
5.70929E+11,Hugo Boss【BOSS】男士商务休闲腰带50390203 ,19,1320,1,5
5.74515E+11,Hugo Boss【BOSS】男士商务休闲polo衫50378673 ,33,600,13,5
5.77607E+11,Hugo Boss【BOSS】男士商务休闲宽松版牛仔裤50385797 ,37,950,6,4.3
5.56898E+11,Hugo Boss【BOSS】男士商务衬衫50327693100 ,235,1100,55,5
5.74614E+11,Hugo Boss【BOSS】男士商务休闲混纺西服外套50394401 ,17,4480,6,5
5.81852E+11,Hugo Boss【BOSS】男士商务休闲腰带50402814 ,5,1450,1,5
5.81778E+11,Hugo Boss【BOSS】男士舒适休闲常规版牛仔布外套50400017 ,5,2800,2,5
5.74179E+11,Hugo Boss【BOSS】女士商务休闲针织衫毛衫50396444 ,11,660,2,5
5.74807E+11,Hugo Boss【BOSS】男士商务休闲西装50398571 ,15,4000,2,5
5.815E+11,Hugo Boss【BOSS】男士商务休闲夹克衫50396237 ,3,3500,0,无数据
5.71636E+11,Hugo Boss【BOSS】男士运动休闲带风帽运动衫50387166 ,28,1600,6,4.8
5.81203E+11,Hugo Boss【BOSS】男士商务休闲单排扣外套50400487 ,1,5600,0,无数据
5.6268E+11,Hugo Boss【BOSS】男士商务休闲牛皮革系带运动鞋50380242 ,65,1400,20,4.7
5.47018E+11,Hugo Boss【BOSS】 商务休闲男士中腰牛仔裤 50302747 ,164,945,50,5
5.76882E+11,Hugo Boss【BOSS】男士运动休闲色块拼接修身短袖polo衫50392718 ,26,945,13,5
5.77819E+11,Hugo Boss【BOSS】男士商务休闲短袖polo衫50290752 ,47,875,11,5
5.74688E+11,Hugo Boss【Hugo】男士衬衫50391663 ,15,770,2,5
5.76743E+11,Hugo Boss【BOSS】男士运动休闲系带运动鞋50322392 ,30,1200,8,4.5
5.61673E+11,Hugo Boss【BOSS】男士商务休闲中腰牛仔裤50379692 ,40,825,8,5
5.78143E+11,Hugo Boss【BOSS】男士运动休闲摄影logo印花T恤50393199 ,42,720,8,5
5.79445E+11,Hugo Boss【BOSS】男士商务休闲开衫卫衣50382719 ,39,1650,8,4.8
5.82106E+11,Hugo Boss【Hugo】男士反转LOGO运动衫50401822 ,1,1650,0,无数据
5.81305E+11,Hugo Boss【BOSS】男士商务休闲衬衫50395020 ,14,960,1,5
5.81329E+11,Hugo Boss【BOSS】男士商务休闲渐变色块条纹毛衣针织衫50399036 ,4,3900,1,5
5.82092E+11,Hugo Boss【BOSS】男士运动休闲修身版棉质长袖polo衫50399466 ,5,1100,0,无数据
5.5677E+11,Hugo Boss【BOSS】男士素色商务衬衫50327693001 ,195,1100,61,5
5.76957E+11,Hugo Boss【BOSS】男士商务休闲polo衫50391352 ,33,1080,7,5
5.8132E+11,Hugo Boss【BOSS】男士运动休闲长型拉链运动衫50392858 ,9,1760,3,5
5.68761E+11,Hugo Boss【BOSS】男士舒适休闲棉短袖polo衫50378365 ,49,462,14,5
5.79575E+11,Hugo Boss【Hugo】男士纱染西装西服外套50375250 ,2,4700,2,5
5.82614E+11,Hugo Boss【BOSS】男士商务休闲高领长袖针织衫50397540 ,3,5360,2,5
5.4699E+11,Hugo Boss【BOSS】 男士修身西装外套 50318498 ,50,6000,21,5
5.70872E+11,Hugo Boss【BOSS】男士运动休闲几何图案印花T恤50389086 ,61,462,16,4.9
5.81753E+11,Hugo Boss【BOSS】男士商务休闲西装套装50394247 ,4,6230,1,5
5.73882E+11,Hugo Boss【Hugo】男士锥形版翻卷裤脚长裤50387574 ,22,1140,6,5
5.73439E+11,Hugo Boss【BOSS】男士舒适休闲弹力棉长裤50379152 ,29,770,9,5
5.80213E+11,Hugo Boss【BOSS】男士商务休闲可拆卸风帽羽绒服外套50395678 ,1,6700,0,无数据
5.74827E+11,Hugo Boss【Hugo】女士涂层印花短袖T恤50396409 ,3,462,1,5
5.68801E+11,Hugo Boss【BOSS】男士商务休闲舒适弹力牛仔裤50389899 ,27,1085,4,5
5.82512E+11,Hugo Boss【BOSS】男士运动休闲logo的水手领短袖T恤50389696 ,17,396,6,5
5.76123E+11,Hugo Boss【BOSS】男士商务休闲内衣睡衣家居服50392929 ,16,528,6,5
5.77385E+11,Hugo Boss【BOSS】男士运动休闲牛仔长裤50315095 ,17,1085,6,5
5.76882E+11,Hugo Boss【BOSS】男士运动休闲针织布长裤50387168 ,21,1160,4,5
5.78449E+11,Hugo Boss【BOSS】男士商务休闲修身版长袖尖领棉质衬衫50393163 ,11,1080,2,4.5
5.78572E+11,Hugo Boss【BOSS】男士商务休闲修身版棉质长袖衬衫50393245 ,17,880,3,5
5.81725E+11,Hugo Boss【BOSS】男士商务休闲腰带50402816 ,10,1100,3,3.6
5.47528E+11,Hugo Boss【BOSS】 男士牛仔裤 50302727 ,54,945,16,4.9
5.77923E+11,Hugo Boss【BOSS】男士商务休闲低腰牛仔裤50332028 ,41,900,10,5
5.69598E+11,Hugo Boss【BOSS】男士商务休闲针织提花polo衫50387485 ,67,660,21,4.8
5.7698E+11,Hugo Boss【BOSS】男士运动休闲logo图案运动衫卫衣50387162 ,31,1160,11,5
5.81318E+11,Hugo Boss【BOSS】男士商务休闲休闲版拉绳腰带短裁长裤50402015 ,7,2800,4,5
5.78153E+11,Hugo Boss【BOSS】男士舒适休闲修身树脂涂层弹力牛仔裤50394065 ,11,1155,3,5
5.82083E+11,Hugo Boss【BOSS】男士商务休闲两双装丝光混纺棉短袜50398739 ,13,240,1,5
5.74749E+11,Hugo Boss【BOSS】男士商务休闲西装西服套装50394262 ,11,4690,4,4.7
5.73808E+11,Hugo Boss【BOSS】男士商务休闲衬衫50393574 ,26,600,4,5
5.7155E+11,Hugo Boss【Hugo】男士休闲版通体印花衬衫50388240 ,15,660,3,5
5.66823E+11,Hugo Boss【BOSS】男士运动休闲长裤50383683 ,31,1320,9,5
5.73522E+11,Hugo Boss【BOSS】德国国家足球队款男士商务休闲西裤50398562 ,30,1400,4,4.7
5.79696E+11,Hugo Boss【HUGO】男士素色商务衬衫50289618 ,25,1000,8,5
5.7431E+11,Hugo Boss【BOSS】男士商务休闲商务衬衫50396344 ,27,870,4,5
5.54822E+11,Hugo Boss【BOSS】男士休闲牛仔裤长裤50302729410 ,47,945,18,4.8
5.72931E+11,Hugo Boss【BOSS】男士商务休闲弹力左斜纹牛仔裤50394996 ,22,1155,4,5
5.51882E+11,Hugo Boss【BOSS】男士弹力棉休闲裤50325936 ,104,1450,35,5
5.76931E+11,Hugo Boss【BOSS】男士商务休闲丝光棉polo衫50391352 ,39,1080,6,5
5.81452E+11,Hugo Boss【BOSS】男士商务休闲凸纹布短袖polo衫50303542 ,1,1000,0,无数据
5.64997E+11,Hugo Boss【BOSS】男士舒适休闲棉印花polo衫50384125 ,49,550,14,5
5.76901E+11,Hugo Boss【BOSS】男士运动休闲轻质防泼水外套50381254 ,42,1550,12,4.8
5.8039E+11,Hugo Boss【BOSS】男士商务休闲衬衫50393729 ,14,880,3,5
5.63382E+11,Hugo Boss【BOSS】男士舒适休闲短袖polo衫50378334 ,136,900,29,4.8
5.64755E+11,Hugo Boss【BOSS】男士舒适休闲常规版棉质直筒牛仔裤50382090 ,26,775,8,5
5.69696E+11,Hugo Boss【BOSS】男士运动休闲变幻条纹polo衫50387931 ,40,660,10,5
5.7726E+11,Hugo Boss【BOSS】男士舒适休闲常规版迷彩羽绒服50393822 ,2,5600,0,无数据
5.7823E+11,Hugo Boss【BOSS】男士运动休闲网眼鞋面黑色运动鞋跑鞋50397652 ,17,1760,3,5
5.7786E+11,Hugo Boss【BOSS】男士商务休闲棕色低帮正装鞋50379826 ,23,1550,5,4.2
5.73953E+11,Hugo Boss【BOSS】男士商务休闲双面皮革腰带50397953 ,96,1200,24,4.9
5.7643E+11,Hugo Boss【BOSS】男士舒适休闲锥形版弹力牛仔长裤50392787 ,11,1085,1,5
5.76959E+11,Hugo Boss【BOSS】男士运动休闲可拆卸风帽细纹羽绒服50392945 ,3,7200,0,无数据
5.81254E+11,Hugo Boss【Hugo】男士宽松版运动衫卫衣50401610 ,9,1450,2,5
5.66004E+11,Hugo Boss【BOSS】男士商务休闲短袖polo衫50384459 ,74,675,21,4.7
5.82104E+11,Hugo Boss【BOSS】女士商务休闲短袖连衣裙50402403 ,2,3100,0,无数据
5.82941E+11,Hugo Boss【BOSS】男士商务休闲修身版长袖棉质衬衫50393229 ,10,870,3,5
5.81671E+11,Hugo Boss【BOSS】男士商务休闲长裤50400119 ,9,1550,4,5
5.8239E+11,Hugo Boss【BOSS】男士运动休闲素色polo衫50387932 ,3,770,1,5
5.66167E+11,Hugo Boss【BOSS】男士商务休闲常规版深蓝色牛仔裤50384698 ,20,775,6,5
5.81459E+11,Hugo Boss【BOSS】男士商务休闲混色丝光棉polo衫50397274 ,3,1350,0,无数据
5.73887E+11,Hugo Boss【BOSS】男士商务休闲衬衫50393289 ,16,810,4,5
5.77027E+11,Hugo Boss【BOSS】男士运动休闲低帮系带运动鞋50327365 ,14,1000,4,5
5.82233E+11,Hugo Boss【BOSS】男士商务休闲修身版牛仔裤50400019 ,4,1800,0,无数据
5.79699E+11,Hugo Boss【BOSS】男士商务休闲衫毛衣50378575 ,11,1700,1,5
5.72674E+11,Hugo Boss【Hugo】男士衬衫50388002 ,5,660,1,5
5.68603E+11,Hugo Boss【BOSS】男士商务休闲领带50390084 ,33,540,7,4.2
5.78032E+11,Hugo Boss【BOSS】男士商务休闲弹力牛仔裤50384473 ,57,775,19,4.8
5.47061E+11,Hugo Boss【BOSS】男士弹力棉复古牛仔裤50302741 ,139,1085,51,5
5.83141E+11,Hugo Boss【BOSS】男士运动休闲常规版棉质短袖T恤50399910 ,1,770,0,无数据
5.82234E+11,Hugo Boss【Hugo】男士背部印花LOGO羽绒马甲50400720 ,8,2800,3,5
5.81189E+11,Hugo Boss【BOSS】男士商务休闲长袖衬衫50402366 ,7,1900,2,5
5.81513E+11,Hugo Boss【BOSS】男士运动休闲带风帽棉服50392947 ,2,6700,0,无数据
5.78098E+11,Hugo Boss【BOSS】男士商务休闲牛皮革德比鞋正装皮鞋50398210 ,6,2720,0,无数据
5.47052E+11,Hugo Boss【BOSS】男士修身一字领衬衫 50308164 ,107,1200,28,4.8
5.74305E+11,Hugo Boss【BOSS】男士商务休闲色织单面平纹T恤50385281 ,23,392,7,5
5.72918E+11,Hugo Boss【Hugo】男士西装长裤50387566 ,7,930,1,5
5.81083E+11,Hugo Boss【BOSS】男士商务休闲羊绒围巾50393135 ,4,1900,1,5
5.74818E+11,Hugo Boss【BOSS】男士运动休闲摄影logo印花T恤50393199 ,24,720,6,5
5.82713E+11,Hugo Boss【BOSS】男士商务休闲低帮系带印花运动鞋50405122 ,1,3400,1,5
5.81704E+11,Hugo Boss【BOSS】男士商务休闲袖扣50402950 ,8,1000,0,无数据
5.74909E+11,Hugo Boss【BOSS】男士商务休闲带弹力腰带长裤50396265 ,13,1540,3,5
5.76643E+11,Hugo Boss【BOSS】男士商务休闲拉链式衣领polo衫50399243 ,7,870,0,无数据
5.66012E+11,Hugo Boss【BOSS】男士商务休闲短袖polo衫50303542 ,145,630,43,5
5.81317E+11,Hugo Boss【BOSS】男士商务休闲长袖衬衫50404645 ,6,1900,3,5
5.78269E+11,Hugo Boss【BOSS】男士舒适休闲混纺长袖针织衫毛衣50392636 ,7,1085,1,5
5.77435E+11,Hugo Boss【BOSS】男士运动休闲低帮运动板鞋50397624 ,12,1760,1,5
5.75484E+11,Hugo Boss【BOSS】男士运动休闲锥形版弹力针织布长裤50392995 ,26,1240,6,5
5.75408E+11,Hugo Boss【Hugo】男士野狼图案徽章宽松版短袖T恤50395368 ,37,630,8,5
5.82175E+11,Hugo Boss【BOSS】女士舒适休闲牛仔裤50392777 ,1,945,0,无数据
5.73534E+11,Hugo Boss【BOSS】男士商务休闲混纺花呢长裤50394358 ,14,1155,4,5
5.81764E+11,Hugo Boss【BOSS】男士舒适休闲修身版双色弹力棉长裤50398991 ,5,1550,2,5
5.78512E+11,Hugo Boss【BOSS】男士商务休闲修身版拉链式衣领polo衫50399243 ,6,870,0,无数据
5.677E+11,Hugo Boss【BOSS】男士舒适休闲LOGO短袖T恤50388701 ,89,396,22,5
5.76038E+11,Hugo Boss【BOSS】男士商务休闲尖领棉衬衫50393232 ,11,1160,0,无数据
5.46984E+11,Hugo Boss【BOSS】男士修身水洗牛仔裤 50302742 ,104,1015,36,5
5.74176E+11,Hugo Boss【BOSS】男士商务休闲羊绒围巾50393135 ,17,1900,6,4.8
5.81068E+11,Hugo Boss【BOSS】男士商务休闲蚀刻核心手工抛光袖扣50403047 ,12,1000,3,5
5.74448E+11,Hugo Boss【BOSS】男士商务休闲短袜50392445 ,35,120,10,4.7
5.56958E+11,Hugo Boss【BOSS】男士素色商务衬衫50327693450 ,102,1100,31,5
5.77074E+11,Hugo Boss【BOSS】男士商务休闲弹力棉牛仔裤50384615 ,8,725,2,5
5.78087E+11,Hugo Boss【BOSS】男士商务休闲弹力棉斜纹长布裤50394753 ,5,1240,1,5
5.79577E+11,Hugo Boss【Hugo】男士双面棉套头卫衣50310522 ,18,1100,8,5
5.68761E+11,Hugo Boss【BOSS】男士舒适休闲弹力棉长裤50379152 ,11,660,2,5
5.74978E+11,Hugo Boss【BOSS】男士商务休闲秋冬衫毛衣50392083 ,19,1900,7,5
5.76285E+11,Hugo Boss【BOSS】男士运动休闲长型拉链运动衫外套50387136 ,22,1600,5,5
5.69146E+11,Hugo Boss【Hugo】男士双罗纹棉运动衫卫衣50388469 ,15,720,3,5
5.82091E+11,Hugo Boss【BOSS】男士运动休闲常规版连帽长袖运动衫50399402 ,5,1800,1,5
5.82346E+11,Hugo Boss【BOSS】男士运动休闲长袖Polo衫50399754 ,1,1200,0,无数据
5.69472E+11,Hugo Boss【BOSS】男士运动休闲印花艺术插画棉logoT恤50389084 ,45,540,12,5
5.80757E+11,Hugo Boss【HUGO】男士西装正装领带50403379 ,12,560,1,5
5.80828E+11,Hugo Boss【BOSS】男士商务休闲牛皮革公文包50390902 ,3,7200,2,5
5.74374E+11,Hugo Boss【BOSS】女士舒适休闲皮革机车夹克皮衣50395715 ,6,3500,2,5
5.71414E+11,Hugo Boss【BOSS】男士商务休闲通体花卉印花平角内裤50388483 ,21,222,8,5
5.66732E+11,Hugo Boss【BOSS】男士商务休闲丝光棉短袖polo衫50382781 ,91,725,28,4.9
5.46838E+11,Hugo Boss【BOSS】男士修身素色西裤 50318499 ,96,2200,31,4.8
5.77326E+11,Hugo Boss【BOSS】男士商务休闲弹力棉斜纹长布裤50394753 ,12,1240,3,5
5.73947E+11,Hugo Boss【Hugo】男士山脉印花宽松版运动衫卫衣50395403 ,27,1015,10,5
5.74961E+11,Hugo Boss【BOSS】男士商务休闲细格纹衬衫50393194 ,22,810,5,5
5.75182E+11,Hugo Boss【BOSS】男士商务休闲单排扣拉链夹克外套50393828 ,5,5000,1,5
5.77024E+11,Hugo Boss【BOSS】男士运动休闲polo衫50309500 ,6,805,2,5
5.75371E+11,Hugo Boss【BOSS】男士运动休闲锥形裤腿长裤50392662 ,12,1440,5,5
5.72398E+11,Hugo Boss【BOSS】男士商务休闲几何印花风衣50388475 ,4,2700,2,4.5
5.68605E+11,Hugo Boss【BOSS】男士商务休闲领带50390233 ,16,540,7,5
5.81981E+11,Hugo Boss【BOSS】男士商务休闲印花LOGO运动衫50400865 ,5,1900,1,5
5.81509E+11,Hugo Boss【Hugo】男士运动衫卫衣50401810 ,5,1350,2,5
5.69638E+11,Hugo Boss【BOSS】男士商务休闲内裤50390025 ,18,180,2,5
5.78355E+11,Hugo Boss【BOSS】男士运动休闲开衫连帽运动衫卫衣50392726 ,3,2080,1,5
5.71743E+11,Hugo Boss【Hugo】男士图案式着色印花衬衫50388280 ,8,660,1,5
5.6964E+11,Hugo Boss【BOSS】男士商务休闲双色蜂巢提花棉polo衫50376103 ,163,1100,48,4.8
5.69598E+11,Hugo Boss【BOSS】男士运动休闲翻卷裤腿慢跑裤50387167 ,15,1160,4,5
5.69327E+11,Hugo Boss【BOSS】男士商务休闲白色衬衫50387344 ,55,1450,7,4.7
5.56771E+11,Hugo Boss【BOSS】男士短袖圆领T恤50245195001 ,216,560,77,4.8
5.77951E+11,Hugo Boss【BOSS】男士商务休闲牛皮革乐福鞋低帮皮鞋50403419 ,2,4000,0,无数据
5.75194E+11,Hugo Boss【BOSS】男士运动休闲印花logo短袖T恤50393198 ,36,630,6,5
5.72432E+11,Hugo Boss【HUGO】男士衬衫50387911 ,14,600,5,4.8
5.79392E+11,Hugo Boss【BOSS】男士商务休闲短袖T恤50379310 ,18,660,3,5
5.81954E+11,Hugo Boss【BOSS】男士商务休闲西装套装50401402 ,1,8900,0,无数据
5.76332E+11,Hugo Boss【BOSS】男士商务休闲正装西裤长裤50394619 ,7,1400,3,5
5.81972E+11,Hugo Boss【BOSS】男士舒适休闲锥形版牛仔裤50400016 ,2,2000,1,5
5.66083E+11,Hugo Boss【BOSS】男士运动休闲丝光棉短袖polo衫50384469 ,43,725,16,5
5.76916E+11,Hugo Boss【BOSS】男士商务休闲压花皮革钱夹钱包50397456 ,2,1160,0,无数据
5.78239E+11,Hugo Boss【Hugo】男士弹力棉黑色中腰牛仔长裤50395182 ,8,1260,3,5
5.60637E+11,Hugo Boss【BOSS】男士商务休闲皮鞋50378360 ,8,3900,1,5
5.76882E+11,Hugo Boss【BOSS】男士运动休闲带风帽夹克外套50392938 ,11,3700,3,5
5.81703E+11,Hugo Boss【BOSS】男士舒适休闲夹克50395552 ,1,3150,1,5
5.75028E+11,Hugo Boss【Hugo】男士衬衫50391996 ,16,1015,5,4.6
5.76684E+11,Hugo Boss【HUGO】男士格伦格纹混纺大衣外套50395989 ,5,3900,3,5
5.76774E+11,Hugo Boss【Hugo】男士弹力棉华达呢长裤50393173 ,8,1085,1,3
5.6907E+11,Hugo Boss【BOSS】男士商务休闲意大利粒面革单肩公文包50390384 ,4,3360,3,5
5.82343E+11,Hugo Boss【BOSS】男士舒适休闲条纹针织衫50398736 ,2,1800,0,无数据
5.46858E+11,Hugo Boss【BOSS】 男士商务新西裤50320555 ,60,2200,14,5
5.47043E+11,Hugo Boss【BOSS】男士皮革腰带 50262032 ,184,1100,59,4.9
5.82361E+11,Hugo Boss【BOSS】男士商务休闲棉质短袖Polo衫50401102 ,1,1000,0,无数据
5.78105E+11,Hugo Boss【BOSS】男士商务休闲开衫运动衫连帽卫衣50391522 ,3,1960,1,5
5.69469E+11,Hugo Boss【BOSS】男士商务休闲双重领丝光棉T恤50387272 ,17,660,4,5
5.79703E+11,Hugo Boss【BOSS】男士商务休闲桑蚕丝领结50307918 ,10,660,4,4.5
5.77384E+11,Hugo Boss【BOSS】女士舒适休闲立领羽绒服50395962 ,5,2590,1,1
5.72931E+11,Hugo Boss【BOSS】男士商务休闲领带50397827 ,18,720,5,4.2
5.80915E+11,Hugo Boss【BOSS】男士商务休闲短袖polo衫50401869 ,1,1100,0,无数据
5.81256E+11,Hugo Boss【Hugo】男士西服西装套装50401907 ,0,7200,1,5
5.69458E+11,Hugo Boss【BOSS】男士商务休闲弹力棉中腰四角紧身内裤50325764 ,40,204,14,5
5.46838E+11,Hugo Boss【BOSS】 男士西装外套50318525 ,22,6000,7,5
5.71417E+11,Hugo Boss【BOSS】男士商务休闲Palmellato皮革公文包50390138 ,3,6700,2,5
5.78104E+11,Hugo Boss【BOSS】男士商务休闲修身中腰牛仔长裤50384763 ,18,950,6,5
5.74356E+11,Hugo Boss【BOSS】男士商务休闲一脚蹬皮鞋50390240 ,4,2040,2,5
5.74521E+11,Hugo Boss【BOSS】男士商务休闲牛仔布风格polo衫50391631 ,39,1240,9,5
5.80701E+11,Hugo Boss【BOSS】男士商务休闲斜挎单肩包50390918 ,2,4500,0,无数据
5.77145E+11,Hugo Boss【BOSS】男士运动休闲常规拉链开衫运动衫卫衣50392623 ,12,2080,4,4.7
5.8177E+11,Hugo Boss【BOSS】男士运动休闲修身版针织布长裤50399378 ,1,1450,0,无数据
5.81722E+11,Hugo Boss【BOSS】男士舒适休闲修身版棉质长袖T恤50401846 ,7,770,2,5
5.81729E+11,Hugo Boss【BOSS】男士商务休闲围巾帽子套装50398793 ,3,2800,0,无数据
5.74793E+11,Hugo Boss【Hugo】男士3D效果图案印花短袖T恤50395378 ,16,392,3,5
5.81325E+11,Hugo Boss【BOSS】男士商务休闲菱形花纹羊毛混纺短袜50392456 ,20,150,6,5
5.72817E+11,Hugo Boss【BOSS】男士商务休闲桑蚕丝领带50397816 ,4,720,1,5
5.74048E+11,Hugo Boss【BOSS】男士商务休闲T恤50401981 ,29,800,6,5
5.8171E+11,Hugo Boss【BOSS】男士运动休闲运动衫50399379 ,1,2000,0,无数据
5.81512E+11,Hugo Boss【BOSS】男士商务休闲T恤50380424 ,1,1000,0,无数据
5.83497E+11,Hugo Boss【BOSS】男士商务休闲连帽长款夹克外套50399989 ,1,6700,0,无数据
5.70865E+11,Hugo Boss【BOSS】男士商务休闲T恤50333808 ,24,396,7,4.8
5.76403E+11,Hugo Boss【BOSS】男士舒适休闲弹力斜纹布长裤50392972 ,13,1015,2,5
5.7481E+11,Hugo Boss【BOSS】男士舒适休闲锥形版牛仔布牛仔长裤50392708 ,6,1400,2,5
5.7649E+11,Hugo Boss【BOSS】男士运动休闲弹力棉短袖T恤衫50393198 ,13,630,5,5
5.75535E+11,Hugo Boss【BOSS】男士商务休闲立领正装大衣风衣50403652 ,0,6700,0,无数据
5.81834E+11,Hugo Boss【BOSS】男士舒适休闲运动衫50398180 ,5,1550,2,5
5.81889E+11,Hugo Boss【BOSS】男士商务休闲衬衫50399375 ,1,1350,0,无数据
5.76483E+11,Hugo Boss【BOSS】男士商务休闲圆翻领衫毛衣50392083 ,6,1900,1,5
5.72496E+11,Hugo Boss【BOSS】男士商务休闲柔软翻绒皮轻便乐福鞋50390226 ,7,1860,2,5
5.47063E+11,Hugo Boss【BOSS】男士复古皮革牛津底皮鞋50228940 ,21,3400,9,5
5.82218E+11,Hugo Boss【BOSS】男士舒适休闲修身版中腰长裤50399172 ,1,1450,0,无数据
5.69477E+11,Hugo Boss【BOSS】男士商务休闲弹力棉短裤50391019 ,32,870,12,5
5.70362E+11,Hugo Boss【BOSS】男士商务休闲Formula ExBOSS合作款T恤50406120 ,37,540,7,5
5.7343E+11,Hugo Boss【BOSS】男士商务休闲桑蚕丝领带50397038 ,13,616,2,5
5.82259E+11,Hugo Boss【BOSS】男士舒适休闲弹力棉短裤50389608 ,4,660,2,5
5.72569E+11,Hugo Boss【BOSS】男士舒适休闲牛仔裤50389665 ,15,945,6,5
5.81721E+11,Hugo Boss【BOSS】男士商务休闲领带50401521 ,5,900,0,无数据
5.78561E+11,Hugo Boss【BOSS】男士运动休闲弹力面料拉链式运动上衣50391542 ,5,2600,0,无数据
5.74784E+11,Hugo Boss【BOSS】男士商务休闲细纹衬衫50393184 ,22,810,3,5
5.76575E+11,Hugo Boss【BOSS】男士运动休闲logo弹力棉T恤50393187 ,16,880,9,5
5.82711E+11,Hugo Boss【BOSS】男士运动休闲常规版长袖T恤50399868 ,2,1100,1,5
5.81776E+11,Hugo Boss【Hugo】男士修身版迷彩印花棉质衬衫50394339 ,7,840,2,5
5.8196E+11,Hugo Boss【BOSS】男士商务休闲修身版棉质长袖衬衫50399295 ,3,1450,0,无数据
5.81205E+11,Hugo Boss【BOSS】男士商务休闲针织衫50398782 ,3,3400,2,5
5.74786E+11,Hugo Boss【BOSS】男士商务休闲Polo衫50391610 ,24,1080,6,4.5
5.66084E+11,Hugo Boss【HUGO】男士低腰弹力黑色牛仔裤50382855 ,28,825,10,5
5.7458E+11,Hugo Boss【Hugo】男士迷彩花纹衬衫50393595 ,12,1015,2,5
5.83377E+11,Hugo Boss【BOSS】男士商务休闲西服50408476 ,0,5000,0,无数据
5.75205E+11,Hugo Boss【BOSS】男士商务休闲正装西装长裤50394417 ,12,1400,1,5
5.47059E+11,Hugo Boss【BOSS】男士桑蚕丝方巾 口袋巾 50307917 ,32,448,8,5
5.81915E+11,Hugo Boss【BOSS】男士商务休闲两双装袜子50401274 ,13,240,5,5
5.81761E+11,Hugo Boss【BOSS】男士商务休闲常规版混色棉毛衣针织衫50398291 ,2,1900,0,无数据
5.81461E+11,Hugo Boss【BOSS】男士商务休闲休闲版弹力棉斜纹棉布裤50400115 ,1,2000,0,无数据
5.59876E+11,Hugo Boss【BOSS】男士商务正装西服外套50318498 ,8,6000,2,5
5.6947E+11,Hugo Boss【BOSS】男士运动休闲色块拼接polo衫50388206 ,15,660,3,5
5.82084E+11,Hugo Boss【BOSS】男士舒适休闲印花休闲版棉质短袖T恤50398822 ,3,770,2,5
5.81893E+11,Hugo Boss【BOSS】男士运动休闲针织长裤50399855 ,1,1800,0,无数据
5.73938E+11,Hugo Boss【BOSS】男士商务休闲风帽款可压缩风衣50393816 ,1,5000,1,5
5.747E+11,Hugo Boss【BOSS】男士舒适休闲工装裤风格翻卷裤脚长裤50393636 ,7,1085,1,5
5.73945E+11,Hugo Boss【BOSS】男士运动休闲水手领T恤50393091 ,39,462,14,5
5.77375E+11,Hugo Boss【BOSS】男士舒适休闲针织衫毛衣夹克外套50392653 ,1,2170,0,无数据
5.82505E+11,Hugo Boss【BOSS】男士斜纹休闲裤长裤50325944 ,5,1015,0,无数据
5.69782E+11,Hugo Boss【BOSS】男士商务休闲印花LOGOT恤50388499 ,27,462,9,4.5
5.6508E+11,Hugo Boss【BOSS】男士舒适休闲短袖polo衫50381703 ,41,550,17,5
5.64812E+11,Hugo Boss【BOSS】男士运动休闲短袖polo衫50383559 ,39,675,14,4.8
5.75593E+11,Hugo Boss【BOSS】男士商务休闲polo衫50394127 ,16,2080,3,5
5.76121E+11,Hugo Boss【BOSS】男士商务休闲色块拼接毛衣50392087 ,6,1320,0,无数据
5.79828E+11,Hugo Boss【BOSS】男士商务休闲背心马甲50318500 ,8,2300,4,5
5.8235E+11,Hugo Boss【BOSS】男士舒适休闲牛仔裤50400092 ,0,1650,0,无数据
5.46329E+11,Hugo Boss【BOSS】男士双面牛皮针扣款腰带50322416 ,100,1100,42,5
5.75368E+11,Hugo Boss【BOSS】男士商务休闲polo衫50391835 ,42,1080,11,5
5.76655E+11,Hugo Boss【Hugo】男士迷彩印花休闲版T恤50395353 ,5,539,0,无数据
5.75327E+11,Hugo Boss【BOSS】男士商务休闲正装西装长裤50394591 ,5,1155,2,5
5.59889E+11,Hugo Boss【BOSS】男士深蓝色短袜50272194 ,50,0,8,5
5.74046E+11,Hugo Boss【BOSS】男士商务休闲印花弹力棉平角内裤50381187 ,41,224,8,5
5.76315E+11,Hugo Boss【BOSS】男士商务休闲粒面革八卡槽皮夹式钱包50390402 ,8,1450,3,5
5.80592E+11,Hugo Boss【BOSS】男士商务休闲长袖T恤针织衫50402498 ,3,2200,0,无数据
5.81526E+11,Hugo Boss【BOSS】男士商务休闲领带50401504 ,6,900,0,无数据
5.80714E+11,Hugo Boss【BOSS】男士商务休闲短袖印花T恤50403144 ,3,1000,0,无数据
5.79704E+11,Hugo Boss【BOSS】男士商务休闲西装长裤50318499 ,7,2200,2,5
5.74483E+11,Hugo Boss【BOSS】男士商务休闲提花衬衫50393151 ,8,1080,2,5
5.81671E+11,Hugo Boss【BOSS】男士商务休闲牛仔裤50399786 ,2,1800,2,5
5.78764E+11,Hugo Boss【BOSS】男士商务休闲素色短袖T恤50387393 ,20,900,6,4.6
5.79569E+11,Hugo Boss【BOSS】男士商务休闲拉绳泳裤短裤50220844 ,7,500,1,5
5.82099E+11,Hugo Boss【Hugo】男士长裤50401095 ,4,1650,0,无数据
5.73665E+11,Hugo Boss【BOSS】男士运动休闲针织毛衣50388254 ,34,1350,10,5
5.82214E+11,Hugo Boss【BOSS】男士商务休闲修身版混色棉毛衣针织衫50398280 ,1,1650,1,5
5.80752E+11,Hugo Boss【BOSS】男士商务休闲桑蚕丝西装领带50401376 ,2,1000,0,无数据
5.75986E+11,Hugo Boss【BOSS】男士商务休闲Polo衫50391610 ,23,1080,5,5
5.7332E+11,Hugo Boss【BOSS】男士商务休闲领带50397018 ,12,616,4,5
5.82358E+11,Hugo Boss【BOSS】男士商务休闲牛仔裤50400901 ,2,1800,0,无数据
5.75184E+11,Hugo Boss【BOSS】男士商务休闲印花T恤50401983 ,12,800,2,5
5.79389E+11,Hugo Boss【BOSS】男士商务休闲弹力棉内裤50377658 ,20,300,4,5
5.55233E+11,Hugo Boss【BOSS】男士运动休闲修身版牛仔长裤50315097 ,8,1085,2,5
5.7812E+11,Hugo Boss【BOSS】男士商务休闲牛皮革低帮皮鞋乐福鞋50398266 ,4,3440,1,5
5.82728E+11,Hugo Boss【BOSS】男士商务休闲Palmellato皮革公文包50390138 ,0,5360,0,无数据
5.69471E+11,Hugo Boss【Hugo】男士萤火虫艺术插画休闲版棉T恤50388517 ,21,600,7,5
5.7982E+11,Hugo Boss【BOSS】男士商务休闲正装西裤50375814 ,5,2600,2,5
5.47049E+11,Hugo Boss【BOSS】男士斜挎单肩包50311778 ,6,1820,2,5
5.82036E+11,Hugo Boss【BOSS】男士商务休闲印花平角内裤50401115 ,6,280,2,5
5.78097E+11,Hugo Boss【BOSS】男士运动休闲拉链开衫长袖运动衫外套50392768 ,1,2240,0,无数据
5.73018E+11,Hugo Boss【BOSS】男士商务休闲领带50397042 ,7,720,0,无数据
5.77316E+11,Hugo Boss【BOSS】男士运动休闲开衫针织运动衫外套50395672 ,11,1900,1,5
5.78514E+11,Hugo Boss【BOSS】男士运动休闲修身版棉质长袖polo衫50393177 ,3,1160,1,5
5.8328E+11,Hugo Boss【BOSS】男士商务休闲常规版羊毛外套50404302 ,0,6700,0,无数据
5.83174E+11,Hugo Boss【BOSS】男士商务休闲鞋50407550 ,0,2800,0,无数据
5.81301E+11,Hugo Boss【BOSS】男士商务休闲夹克50393941 ,0,7800,0,无数据
5.77272E+11,Hugo Boss【Hugo】男士弹力棉薄款运动夹克衫外套50394810 ,1,2590,0,无数据
5.70867E+11,Hugo Boss【BOSS】男士商务休闲针织印花T恤50391981 ,13,540,2,5
5.61677E+11,Hugo Boss【BOSS】男士商务休闲牛皮革系带运动鞋50380269 ,14,2800,3,5
5.69151E+11,Hugo Boss【HUGO】女士休闲版翻转logo图案T恤衫50389153 ,10,330,4,5
5.8071E+11,Hugo Boss【BOSS】男士商务休闲黑色短袖T恤50401901 ,4,1000,1,5
5.75519E+11,Hugo Boss【Hugo】男士格伦格纹正装长裤50393673 ,9,1400,3,5
5.82594E+11,Hugo Boss【BOSS】男士商务休闲衬衫50393289 ,2,1080,0,无数据
5.76642E+11,Hugo Boss【BOSS】男士商务休闲衬衫50393681 ,12,880,4,4.7
5.77941E+11,Hugo Boss【BOSS】男士运动休闲常规拉链开衫运动衫卫衣50392623 ,9,2080,2,5
5.78093E+11,Hugo Boss【BOSS】男士商务休闲棉质长袖polo衫50391643 ,2,1440,0,无数据
5.68305E+11,Hugo Boss【BOSS】男士商务休闲牛皮革手链50390116 ,3,930,2,5
5.62788E+11,Hugo Boss【BOSS】男士舒适休闲修身版长袖棉质T恤50378314 ,14,770,5,5
5.80999E+11,Hugo Boss【BOSS】女士商务休闲水手领长袖运动衫卫衣50402479 ,0,1900,1,5
5.8083E+11,Hugo Boss【BOSS】男士商务休闲羊毛混纺长裤50395643 ,0,1800,2,5
5.74441E+11,Hugo Boss【Hugo】男士宽松迷彩印花连帽运动衫卫衣50395017 ,13,1155,2,5
5.69786E+11,Hugo Boss【BOSS】男士商务休闲Formula ExBOSS合作款T恤50403347 ,26,540,6,4.8
5.71102E+11,Hugo Boss【BOSS】男士舒适休闲短袖衬衫50388581 ,16,600,2,5
5.73021E+11,Hugo Boss【BOSS】男士商务休闲桑蚕丝领带50397818 ,13,720,1,5
5.7658E+11,Hugo Boss【BOSS】男士商务休闲双面皮革针扣腰带50397963 ,9,1450,1,5
5.82815E+11,Hugo Boss【BOSS】男士商务休闲低帮运动鞋50403420 ,0,2480,0,无数据
5.79387E+11,Hugo Boss【BOSS】男士商务休闲游泳裤沙滩裤50291913 ,6,660,2,4.5
5.82822E+11,Hugo Boss【BOSS】男士运动休闲常规版羊毛长袖针织衫50398640 ,1,1900,0,无数据
5.73733E+11,Hugo Boss【BOSS】男士舒适休闲弹力棉polo衫50378334 ,8,630,2,5
5.74331E+11,Hugo Boss【Hugo】男士迷彩印花针织长裤50395018 ,11,1085,3,3.6
5.81333E+11,Hugo Boss【BOSS】男士商务休闲弹力棉斜纹棉布裤50400127 ,2,1550,0,无数据
5.72769E+11,Hugo Boss【BOSS】男士商务休闲牛仔裤50396748 ,12,1085,3,4.6
5.81984E+11,Hugo Boss【BOSS】男士商务休闲腰带50402843 ,4,1450,0,无数据
5.77079E+11,Hugo Boss【Hugo】男士宽松版圆领套头运动衫卫衣50395029 ,4,1085,0,无数据
5.79574E+11,Hugo Boss【BOSS】男士商务休闲正装衬衫50373393 ,4,1650,1,5
5.82089E+11,Hugo Boss【BOSS】男士运动休闲拉链连帽运动衫50399865 ,1,2800,0,无数据
5.69368E+11,Hugo Boss【BOSS】男士商务休闲西裤50385176 ,6,1080,0,无数据
5.55232E+11,Hugo Boss【BOSS】男士运动休闲常规版直筒牛仔裤50318733 ,29,1085,12,5
5.75906E+11,Hugo Boss【BOSS】 Michael Jackson致敬款男士商务西装50406659 ,1,10000,0,无数据
5.81702E+11,Hugo Boss【BOSS】男士商务休闲长裤50394784 ,1,1760,1,5
5.81853E+11,Hugo Boss【BOSS】男士商务休闲腰带50402847 ,2,1450,0,无数据
5.78442E+11,Hugo Boss【BOSS】男士商务休闲polo衫50382942 ,4,1100,1,5
5.56959E+11,Hugo Boss【BOSS】男士运动休闲平纹短T恤50245195 ,130,560,34,4.9
5.7599E+11,Hugo Boss【BOSS】男士商务休闲V领针织衫毛衣50378576 ,9,1700,2,5
5.76521E+11,Hugo Boss【BOSS】男士商务休闲双色双面皮革板扣腰带50397945 ,33,1100,11,4.9
5.47007E+11,Hugo Boss【BOSS】男士双面皮革腰带50220322 ,91,1450,29,4.5
5.73977E+11,Hugo Boss【BOSS】男士舒适休闲衬衫50392306 ,14,770,1,5
5.81713E+11,Hugo Boss【BOSS】男士舒适休闲T恤50399743 ,3,660,1,5
5.72196E+11,Hugo Boss【BOSS】男士商务休闲短袖polo衫50303542 ,69,630,24,4.9
5.73694E+11,Hugo Boss【BOSS】男士商务休闲logo提花平角内裤50381193 ,55,224,12,4.8
5.81961E+11,Hugo Boss【BOSS】男士舒适休闲polo衫50378334 ,0,900,0,无数据
5.78033E+11,Hugo Boss【BOSS】男士商务休闲双面棉polo衫50364789 ,15,1250,4,5
5.81865E+11,Hugo Boss【BOSS】男士商务休闲长裤50400116 ,3,2000,0,无数据
5.72602E+11,Hugo Boss【BOSS】男士运动休闲T恤50389711 ,11,540,2,5
5.73019E+11,Hugo Boss【BOSS】男士商务休闲桑蚕丝提花图案式领带50397555 ,5,720,0,无数据
5.69605E+11,Hugo Boss【BOSS】男士商务休闲短袖衬衫50391416 ,11,990,4,5
5.81836E+11,Hugo Boss【BOSS】男士舒适休闲运动衫50398789 ,1,1800,1,5
5.82577E+11,Hugo Boss【BOSS】男士商务休闲低帮系带运动鞋50402352 ,1,2800,1,5
5.82246E+11,Hugo Boss【BOSS】男士运动休闲修身立领拉链卫衣运动衫50399857 ,0,2800,0,无数据
5.7776E+11,Hugo Boss【BOSS】男士商务休闲衬衫50387344 ,33,1450,9,4.5
5.74587E+11,Hugo Boss【Hugo】男士休闲版狼图案牛津棉衬衫50394010 ,6,945,5,5
5.78124E+11,Hugo Boss【BOSS】男士商务休闲牛皮革抽绳斜挎包50403636 ,0,10800,0,无数据
5.82095E+11,Hugo Boss【BOSS】男士运动休闲修身版中腰长裤50399837 ,1,1650,1,5
5.74851E+11,Hugo Boss【Hugo】女士粗棒针织流苏镶边围巾50395982 ,1,945,0,无数据
5.81579E+11,Hugo Boss【BOSS】男士商务休闲皮鞋50398009 ,1,3100,0,无数据
5.81762E+11,Hugo Boss【BOSS】男士舒适休闲棉质素色毛衣针织衫50398730 ,1,1450,0,无数据
5.75111E+11,Hugo Boss【BOSS】男士商务休闲正装西装黑色长裤50394695 ,8,1540,0,无数据
5.82443E+11,Hugo Boss【BOSS】男士商务休闲修身版棉质长袖衬衫50399311 ,1,1450,0,无数据
5.59875E+11,Hugo Boss【BOSS】男士商务弹力棉纯色三角内裤三条装50325402 ,55,400,18,5
5.75815E+11,Hugo Boss【BOSS】男士商务休闲粒面革手提单肩公文包50397344 ,5,5600,2,5
5.69158E+11,Hugo Boss【BOSS】男士舒适休闲短袖Polo衫50378334 ,191,900,53,5
5.73951E+11,Hugo Boss【Hugo】男士迷彩印花休闲版T恤50395353 ,13,539,5,5
5.74121E+11,Hugo Boss【BOSS】男士商务休闲商务衬衫50393162 ,15,1080,3,5
5.46659E+11,Hugo Boss【BOSS】 男士光滑牛皮双面腰带 50286255 ,34,1450,6,5
5.75532E+11,Hugo Boss【BOSS】男士商务休闲双面皮革针扣腰带50397963 ,27,1450,9,5
5.74371E+11,Hugo Boss【BOSS】男士商务休闲polo领毛衣50373717 ,27,1550,4,5
5.75749E+11,Hugo Boss【BOSS】男士运动休闲拉链式针织衫50391897 ,24,1800,8,5
5.75518E+11,Hugo Boss【BOSS】女士商务休闲圆翻领针织毛衣50392498 ,5,1140,1,5
5.81774E+11,Hugo Boss【Hugo】男士修身版棉质长袖衬衫50399877 ,2,1200,1,5
5.81971E+11,Hugo Boss【BOSS】男士运动休闲短袖印花T恤50399921 ,1,660,0,无数据
5.72247E+11,Hugo Boss【BOSS】男士运动休闲弹力斜纹布短裤50390044 ,8,870,2,5
5.82712E+11,Hugo Boss【BOSS】男士商务休闲布洛克正装皮鞋50402976 ,0,4300,0,无数据
5.7548E+11,Hugo Boss【BOSS】男士商务休闲弹力棉布休闲长裤50395616 ,7,1850,2,5
5.69063E+11,Hugo Boss【BOSS】男士商务休闲纸质棉短裁长裤50390992 ,2,1200,0,无数据
5.69376E+11,Hugo Boss【BOSS】男士商务休闲正装皮鞋50390232 ,5,3100,3,5
5.77798E+11,Hugo Boss【BOSS】男士运动休闲常规版短袖polo衫50382150 ,0,1015,1,5
5.81712E+11,Hugo Boss【BOSS】男士舒适休闲T恤50399677 ,3,560,0,无数据
5.77945E+11,Hugo Boss【BOSS】男士运动休闲开衫连帽运动衫卫衣50391523 ,1,3700,2,5
5.7414E+11,Hugo Boss【BOSS】男士商务休闲平角内裤50392383 ,33,312,5,5
5.69069E+11,Hugo Boss【BOSS】女士商务休闲衬衫50389887 ,4,1000,3,5
5.47022E+11,Hugo Boss【BOSS】男士素色方巾 西装口袋巾 50242752 ,81,340,21,5
5.73736E+11,Hugo Boss【BOSS】男士舒适休闲印花T恤50393650 ,11,539,3,5
5.77154E+11,Hugo Boss【BOSS】男士商务休闲压花皮革名片夹卡包50397460 ,2,720,0,无数据
5.8152E+11,Hugo Boss【BOSS】男士商务休闲衬衫50399942 ,1,1550,0,无数据
5.69366E+11,Hugo Boss【BOSS】男士运动休闲弹力棉混纺纱短裤50390046 ,8,870,2,5
5.77312E+11,Hugo Boss【BOSS】男士商务休闲尖领衬衫50394290 ,6,960,0,无数据
5.7398E+11,Hugo Boss【BOSS】男士商务休闲系带商务皮鞋50387171 ,2,3120,1,3
5.46619E+11,Hugo Boss【BOSS】男士商务休闲腰带50248222 ,28,3300,9,5
5.69599E+11,Hugo Boss【BOSS】男士商务休闲印花短款游泳短裤沙滩裤50390409 ,30,660,10,5
5.71151E+11,Hugo Boss【BOSS】男士商务休闲牛仔裤50389916 ,10,1260,2,5
5.68309E+11,Hugo Boss【BOSS】男士商务休闲手链50390128 ,2,1140,1,5
5.69603E+11,Hugo Boss【BOSS】男士商务休闲公文包手拿包50390387 ,2,1560,0,无数据
5.71591E+11,Hugo Boss【Hugo】男士紧身版弹力牛仔裤50388960 ,6,990,3,5
5.76869E+11,Hugo Boss【BOSS】男士商务休闲波点衬衫50393426 ,6,1160,1,5
5.75093E+11,Hugo Boss【Hugo】男士时尚迷彩休闲长裤50393607 ,3,1400,1,5
5.82216E+11,Hugo Boss【Hugo】男士牛仔裤50402089 ,1,1800,1,5
5.6508E+11,Hugo Boss【BOSS】男士休闲游泳短裤沙滩裤50291913 ,52,660,20,4.8
5.66627E+11,Hugo Boss【BOSS】男士运动休闲斜纹棉布休闲裤50383744 ,32,1240,17,5
5.78153E+11,Hugo Boss【BOSS】男士商务休闲弹力棉布休闲长裤50395616 ,0,1850,0,无数据
5.69336E+11,Hugo Boss【Hugo】男士桑蚕丝提花图案式领带50389800 ,11,336,2,5
5.68886E+11,Hugo Boss【BOSS】男士商务休闲T恤风格针织衫50388054 ,8,990,3,5
5.82238E+11,Hugo Boss【Hugo】男士修身版棉质混纺长裤50402017 ,2,2000,0,无数据
5.59887E+11,Hugo Boss【BOSS】男士黑色短袜50272194 ,81,0,14,4.8
5.77267E+11,Hugo Boss【BOSS】女士商务休闲单纽西装外套50396543 ,4,2340,0,无数据
5.75258E+11,Hugo Boss【BOSS】男士商务休闲皮革运动鞋50386945 ,2,3400,2,5
5.77437E+11,Hugo Boss【BOSS】男士商务休闲V字领短袖T恤50387721 ,16,1000,4,5
5.74739E+11,Hugo Boss【Hugo】男士弹力棉轻薄运动夹克衫50394836 ,2,2590,0,无数据
5.64933E+11,Hugo Boss【BOSS】男士运动休闲短袖polo衫50383818 ,23,550,5,4.8
5.81669E+11,Hugo Boss【BOSS】女士舒适休闲长袖针织衫50399174 ,1,1900,0,无数据
5.82092E+11,Hugo Boss【BOSS】男士运动休闲修身版棉质短袖T恤50399408 ,1,1000,0,无数据
5.82082E+11,Hugo Boss【BOSS】男士商务休闲双色蜂巢棉短袖polo衫50398011 ,0,1200,0,无数据
5.81514E+11,Hugo Boss【BOSS】男士舒适休闲针织衫50398753 ,1,2800,0,无数据
5.78841E+11,HUGO BOSS 男士商务休闲常规短袖polo衫 50303542 ,0,1000,2,5
5.79826E+11,Hugo Boss【BOSS】男士商务休闲两双装短袜50388443 ,43,150,3,5
5.71103E+11,Hugo Boss【BOSS】男士运动休闲条纹丝光棉polo衫50389519 ,12,720,0,无数据
5.74922E+11,Hugo Boss【Hugo】男士衬衫50391688 ,9,840,1,5
5.82228E+11,Hugo Boss【BOSS】男士商务休闲桑蚕丝领结围巾套装50401747 ,0,2200,0,无数据
5.82452E+11,Hugo Boss【BOSS】男士商务休闲波点领带50407397 ,2,770,0,无数据
5.81321E+11,Hugo Boss【BOSS】男士商务休闲兔子印花皮革双肩包50403365 ,0,6100,1,5
5.8076E+11,Hugo Boss【BOSS】男士商务休闲正装羊毛西裤50400422 ,1,2000,0,无数据
5.74355E+11,Hugo Boss【BOSS】女士舒适休闲衬衫式连衣裙50392254 ,3,1400,1,5
5.81723E+11,Hugo Boss【Hugo】男士T恤50402165 ,1,900,0,无数据
5.71343E+11,Hugo Boss【BOSS】男士商务休闲间色条纹T恤50388661 ,3,600,2,5
5.76884E+11,Hugo Boss【BOSS】男士运动休闲针织衫毛衣50391509 ,9,2200,2,4.5
5.81383E+11,Hugo Boss【BOSS】男士商务休闲衬衫50394322 ,2,1080,1,5
5.75591E+11,Hugo Boss【BOSS】男士商务休闲斜纹棉布长裤50394794 ,14,2300,4,5
5.83284E+11,Hugo Boss【BOSS】男士商务休闲修身版羊毛西服套装50405065 ,0,7200,0,无数据
5.74824E+11,Hugo Boss【Hugo】男士印花短袖T恤50395402 ,13,462,4,4.7
5.73381E+11,Hugo Boss【BOSS】男士商务休闲手链50397400 ,1,840,0,无数据
5.79318E+11,Hugo Boss【BOSS】男士休闲两条装短裤50388963 ,4,450,0,无数据
5.81835E+11,Hugo Boss【BOSS】男士舒适休闲polo衫50398198 ,0,1100,0,无数据
5.72398E+11,Hugo Boss【BOSS】男士舒适休闲Polo衫50389219 ,17,600,3,5
5.81642E+11,Hugo Boss【BOSS】女士商务休闲A字迷你半身裙50396721 ,1,1680,1,5
5.75296E+11,Hugo Boss【BOSS】男士商务休闲白色衬衫50395134 ,9,880,2,5
5.71057E+11,Hugo Boss【Hugo】男士桑蚕丝提花图案式领带50389867 ,7,560,2,5
5.77048E+11,Hugo Boss【BOSS】男士商务休闲单肩斜跨手提包50397282 ,0,4000,0,无数据
5.76915E+11,Hugo Boss【BOSS】男士商务休闲配两枚压花式腰带50397960 ,4,1450,3,5
5.74381E+11,Hugo Boss【BOSS】男士商务休闲斜纹棉布休闲裤50385095 ,9,1650,2,5
5.74809E+11,Hugo Boss【BOSS】男士商务休闲常规版印花棉质长袖衬衫50395287 ,1,880,0,无数据
5.77077E+11,Hugo Boss【BOSS】女士商务休闲喇叭袖针织衫毛衣50392459 ,5,1200,0,无数据
5.6928E+11,Hugo Boss【BOSS】男士商务休闲印花皮革钱包50390179 ,3,990,1,5
5.81708E+11,Hugo Boss【BOSS】男士舒适休闲polo衫50398181 ,0,1000,0,无数据
5.82253E+11,Hugo Boss【BOSS】男士商务休闲针扣腰带50402807 ,0,3400,0,无数据
5.74424E+11,Hugo Boss【BOSS】男士舒适休闲弹力斜纹布长裤50392972 ,3,1015,0,无数据
5.56958E+11,Hugo Boss【BOSS】运动休闲男士短袖polo衫50326299100 ,104,1100,23,4.8
5.8153E+11,Hugo Boss【BOSS】男士商务休闲腰带50402808 ,1,1650,1,5
5.75378E+11,Hugo Boss【BOSS】男士商务休闲拉链款针织衫50373629 ,12,1900,2,5
5.81991E+11,Hugo Boss【BOSS】男士商务休闲牛仔裤50399690 ,0,1550,0,无数据
5.69603E+11,Hugo Boss【BOSS】男士商务休闲色块游泳短裤50390215 ,22,770,6,4.8
5.753E+11,Hugo Boss【BOSS】男士舒适休闲印花短袖T恤50393774 ,12,462,4,5
5.82248E+11,Hugo Boss【BOSS】男士运动休闲针织长裤50399858 ,0,1550,0,无数据
5.76637E+11,Hugo Boss【BOSS】男士商务休闲中蓝色牛仔长裤50394651 ,16,1155,7,5
5.81905E+11,Hugo Boss【Hugo】男士长裤50401158 ,0,1550,0,无数据
5.72767E+11,Hugo Boss【BOSS】男士运动休闲斜纹棉布休闲裤50383744 ,9,1240,4,5
5.46653E+11,Hugo Boss【BOSS】男士商务休闲针扣腰带50315554 ,20,1450,6,5
5.74525E+11,Hugo Boss【BOSS】男士商务休闲polo衫50394127 ,1,2080,0,无数据
5.66328E+11,Hugo Boss【BOSS】男士商务休闲系带皮鞋50387171 ,7,3900,1,5
5.64925E+11,Hugo Boss【BOSS】男士商务休闲弹力舒适牛仔裤50384752 ,11,775,4,5
5.69695E+11,Hugo Boss【BOSS】男士舒适休闲牛仔短裤50389606 ,15,720,8,5
5.58957E+11,Hugo Boss【BOSS】男士西装长裤50251638 ,203,2000,61,4.8
5.83174E+11,Hugo Boss【BOSS】男士商务休闲领带50406920 ,0,770,0,无数据
5.69461E+11,Hugo Boss【BOSS】男士运动休闲素色polo衫50387932 ,79,1100,23,4.9
5.7628E+11,Hugo Boss【BOSS】男士运动休闲海军蓝混纺长裤50398236 ,1,1240,1,5
5.81323E+11,Hugo Boss【BOSS】女士舒适休闲羽绒服50395947 ,2,2380,1,5
5.76878E+11,Hugo Boss【BOSS】男士舒适休闲衬衫50392305 ,6,945,2,4.5
5.82228E+11,Hugo Boss【Hugo】男士牛仔裤50402038 ,0,1650,0,无数据
5.82509E+11,Hugo Boss【BOSS】男士商务休闲弹力短裤50333742 ,2,810,1,5
5.81853E+11,Hugo Boss【Hugo】男士双肩包50402920 ,1,2200,0,无数据
5.65388E+11,Hugo Boss【BOSS】男士运动休闲修身版棉质短袖polo衫50374389 ,91,770,23,4.9
5.67623E+11,Hugo Boss【BOSS】男士运动休闲短袖polo衫50383818 ,20,550,4,5
5.73952E+11,Hugo Boss【Hugo】男士休闲版印花T恤50395380 ,15,630,6,5
5.69785E+11,Hugo Boss【BOSS】女士商务休闲条纹衬衫50390349 ,2,900,1,5
5.81726E+11,Hugo Boss【Hugo】男士斜跨包50402936 ,0,1450,0,无数据
5.77329E+11,Hugo Boss【BOSS】男士商务休闲旅行双肩背包50397281 ,0,4000,0,无数据
5.79698E+11,Hugo Boss【BOSS】男士商务休闲弹力棉内裤50377698 ,9,450,2,5
5.69781E+11,Hugo Boss【BOSS】男士舒适休闲水手领棉T恤50389364 ,70,560,18,4.7
5.56959E+11,Hugo Boss【BOSS】男士运动休闲短T恤50245195100 ,112,560,30,4.6
5.58639E+11,Hugo Boss【BOSS】男士商务长袖衬衫50260064410 ,6,1200,2,3
5.75629E+11,Hugo Boss【Hugo】女士喇叭裙摆连衣裙50396935 ,3,1960,0,无数据
5.81067E+11,Hugo Boss【Hugo】男士拉链手拿钱包50403042 ,0,1100,0,无数据
5.81985E+11,Hugo Boss【BOSS】男士商务休闲腰带50403017 ,1,1450,1,5
5.76414E+11,Hugo Boss【BOSS】男士商务休闲polo衫50391835 ,13,1080,3,5
5.82108E+11,Hugo Boss【BOSS】男士商务休闲条纹棉质短袖T恤50397991 ,0,1000,0,无数据
5.81977E+11,Hugo Boss【BOSS】男士舒适休闲衬衫50400696 ,1,1100,1,5
5.61561E+11,Hugo Boss【BOSS】男士商务休闲手拿包50324515 ,12,3400,7,5
5.74706E+11,Hugo Boss【BOSS】男士舒适休闲小鸟印花短袖T恤50393649 ,12,539,5,5
5.81712E+11,Hugo Boss【BOSS】男士运动休闲T恤50399475 ,0,1000,0,无数据
5.56899E+11,Hugo Boss 【BOSS】运动休闲男士短袖polo衫50326299 ,84,1100,30,5
5.68979E+11,Hugo Boss【BOSS】男士商务休闲夏日印花T恤50388531 ,23,462,4,4.2
5.81724E+11,Hugo Boss【BOSS】男士商务休闲腰带50402809 ,1,1650,0,无数据
5.83167E+11,Hugo Boss【BOSS】男士商务休闲双肩包50403368 ,0,5600,0,无数据
5.69604E+11,Hugo Boss【BOSS】男士运动休闲弹力棉混纺短裤50388669 ,10,810,3,4.3
5.73991E+11,Hugo Boss【BOSS】女士商务休闲意大利牛皮革拉链钱包50402716 ,4,1540,0,无数据
5.76984E+11,Hugo Boss【BOSS】女士商务休闲红色混纺漏斗领毛衣50392511 ,0,2580,0,无数据
5.81669E+11,Hugo Boss【BOSS】女士舒适休闲桑蚕丝波点连衣裙50399077 ,0,3100,0,无数据
5.79824E+11,Hugo Boss【Hugo】男士正装长裤50375293 ,3,2000,1,5
5.81067E+11,Hugo Boss【Hugo】男士反转logo华达呢公文包手拿包50402889 ,1,770,1,5
5.72528E+11,Hugo Boss【BOSS】男士商务休闲Signature系列牛皮公文包50390175 ,0,4320,0,无数据
5.56959E+11,Hugo Boss【BOSS】男士运动休闲短袖polo衫50326299410 ,77,1100,23,4.8
5.82227E+11,Hugo Boss【Hugo】男士休闲版长袖棉质衬衫50399784 ,0,1350,0,无数据
5.83649E+11,Hugo Boss【BOSS】男士商务休闲休闲版中腰牛仔裤50401447 ,0,1800,0,无数据
5.82578E+11,Hugo Boss【BOSS】男士商务休闲条纹桑蚕丝领带50406595 ,1,770,0,无数据
5.71594E+11,Hugo Boss【BOSS】男士商务休闲单肩包50390177 ,1,2580,0,无数据
5.81206E+11,Hugo Boss【BOSS】男士商务休闲短袖T恤50399363 ,0,1000,0,无数据
5.78114E+11,Hugo Boss【BOSS】男士运动休闲针织衫毛衣50391509 ,0,2200,0,无数据
5.6831E+11,Hugo Boss【BOSS】男士商务休闲短袖衬衫50388891 ,12,720,6,5
5.7083E+11,Hugo Boss【BOSS】男士商务休闲数码印花弹力棉短裤50388551 ,7,930,3,5
5.84121E+11,Hugo Boss【BOSS】男士商务休闲行李牌50403385 ,0,1100,0,无数据
5.82122E+11,Hugo Boss【BOSS】男士运动休闲针织长裤50399377 ,0,1450,0,无数据
5.75029E+11,Hugo Boss【Hugo】男士休闲衬衫50394008 ,9,1000,2,4.5
5.82714E+11,Hugo Boss【BOSS】男士舒适休闲弹力棉长裤50379152 ,0,660,0,无数据
5.68764E+11,Hugo Boss【Hugo】女士梭织条纹A字连衣裙50390838 ,1,1400,1,5
5.8167E+11,Hugo Boss【BOSS】男士舒适休闲修身版长裤50399242 ,0,1450,0,无数据
5.74434E+11,Hugo Boss【BOSS】男士商务休闲针织衫毛衣50378575 ,6,1700,3,5
5.72827E+11,Hugo Boss【BOSS】男士舒适休闲水手领混纺运动衫50378541 ,9,1350,5,5
5.81008E+11,Hugo Boss【BOSS】男士商务休闲弹力棉家居服T恤50379021 ,1,450,0,无数据
5.82216E+11,Hugo Boss【BOSS】男士商务休闲针扣腰带50402817 ,0,3900,0,无数据
5.7548E+11,Hugo Boss【BOSS】男士商务休闲弹力棉休闲长裤50394741 ,8,1550,2,5
5.82229E+11,Hugo Boss【Hugo】男士修身版棉质长袖衬衫50399878 ,0,1350,0,无数据
5.82814E+11,Hugo Boss【BOSS】男士舒适休闲T恤50404138 ,0,660,0,无数据
5.47014E+11,Hugo Boss【BOSS】男士商务素色衬衫 50308163 ,71,1200,19,5
5.8257E+11,Hugo Boss【BOSS】男士商务休闲修身版棉质长袖衬衫50399293 ,1,1450,0,无数据
5.81458E+11,Hugo Boss【BOSS】男士商务休闲对比色logo羊毛混纺短袜50392488 ,37,150,4,5
5.82244E+11,Hugo Boss【Hugo】男士休闲长裤裤50387539 ,0,1550,0,无数据
5.74694E+11,Hugo Boss【BOSS】男士商务休闲Signature系列旅行钱包50398668 ,1,2480,1,5
5.73812E+11,Hugo Boss【BOSS】男士商务休闲Formula ExBOSS合作款T恤50406439 ,13,630,3,3.6
5.74318E+11,Hugo Boss【BOSS】男士商务休闲LOGO短袖T恤50391355 ,9,700,1,5
5.79702E+11,Hugo Boss【BOSS】男士商务休闲两双装船袜50388442 ,32,160,10,5
5.73688E+11,Hugo Boss【BOSS】女士商务休闲半身裙50392860 ,6,1140,0,无数据
5.69703E+11,Hugo Boss【BOSS】男士商务休闲短袖衬衫50387529 ,13,810,3,5
5.74154E+11,Hugo Boss【BOSS】男士商务休闲斜纹棉布长裤50394794 ,10,2300,5,5
5.81725E+11,Hugo Boss【BOSS】男士商务休闲腰带50402810 ,0,1200,1,5
5.82093E+11,Hugo Boss【Hugo】男士常规版LOGO印花棉质卫衣运动衫50399633 ,0,1200,0,无数据
5.75264E+11,Hugo Boss【BOSS】男士商务休闲拉链式手提单肩公文包50390384 ,1,5600,0,无数据
5.41917E+11,Hugo Boss【BOSS】男士皮质金属logo徽章卡包 50311746 ,13,1000,5,5
5.819E+11,Hugo Boss【Hugo】男士针织长裤50402167 ,0,1450,0,无数据
5.75885E+11,Hugo Boss【BOSS】男士商务休闲针织衫毛衣50378575 ,8,1700,3,4.6
5.78092E+11,Hugo Boss【BOSS】男士商务休闲秀场款亨利领羊绒衫50403641 ,0,3600,0,无数据
5.81522E+11,Hugo Boss【Hugo】女士花卉图案低圆领上衣50398819 ,1,1140,0,无数据
5.46655E+11,Hugo Boss【BOSS】商务休闲男士皮质短钱包50311737001 ,27,1650,8,4.2
5.69373E+11,Hugo Boss【BOSS】男士商务休闲棉凸纹布polo衫50387509 ,16,660,8,5
5.81325E+11,Hugo Boss【Hugo】男士锥形版弹性腰带长裤50394193 ,0,1260,0,无数据
5.74041E+11,Hugo Boss【BOSS】男士运动休闲色块设计混纺毛衣50388273 ,2,2200,3,5
5.81519E+11,Hugo Boss【BOSS】男士舒适休闲T恤50399708 ,0,900,0,无数据
5.73976E+11,Hugo Boss【BOSS】男士商务休闲短袖T恤50394134 ,9,1260,4,5
5.80218E+11,Hugo Boss【Hugo】男士紧身版弹力牛仔裤50396008 ,0,1540,0,无数据
5.8223E+11,Hugo Boss【Hugo】男士修身版原子印花棉质衬衫50399896 ,0,1100,0,无数据
5.81256E+11,Hugo Boss【Hugo】男士裁片定位箔片印花短袖T恤50401834 ,3,770,0,无数据
5.83139E+11,Hugo Boss【BOSS】男士运动休闲常规版混纺长袖卫衣50398629 ,0,1550,0,无数据
5.68982E+11,Hugo Boss【BOSS】男士运动休闲口袋混色短袖T恤50396431 ,48,1100,20,4.8
5.80217E+11,Hugo Boss【BOSS】女士商务休闲正面褶裥长裤50396509 ,2,2000,0,无数据
5.81981E+11,Hugo Boss【Hugo】男士T恤50401962 ,1,660,0,无数据
5.84121E+11,Hugo Boss【BOSS】男士商务休闲乐福鞋50404170 ,0,4300,0,无数据
5.80392E+11,Hugo Boss【BOSS】男士商务休闲两条混色装平角内裤50325788 ,3,360,0,无数据
5.726E+11,Hugo Boss【BOSS】男士商务休闲衬衫50391420 ,7,1080,0,无数据
5.81868E+11,Hugo Boss【BOSS】女士商务休闲针织衫50402642 ,0,2200,0,无数据
5.8282E+11,Hugo Boss【HUGO】男士短袖衬衫50405620 ,0,1100,0,无数据
5.8198E+11,Hugo Boss【HUGO】男士T恤50401950 ,0,770,0,无数据
5.76692E+11,Hugo Boss【BOSS】男士商务休闲公文包手拿包50390387 ,1,2600,0,无数据
5.8178E+11,Hugo Boss【BOSS】男士商务休闲polo衫50303542 ,0,1000,0,无数据
5.74436E+11,Hugo Boss【BOSS】男士商务休闲V领针织衫毛衣50378576 ,8,1700,1,5
5.80712E+11,Hugo Boss【BOSS】男士商务休闲手工抛光金属袖扣50403040 ,1,1000,0,无数据
5.79822E+11,Hugo Boss【BOSS】男士商务休闲混纺三角内裤50377692 ,12,280,3,4.6
5.81323E+11,Hugo Boss【BOSS】男士商务休闲弹力棉家居服短裤50379158 ,5,450,2,5
5.77386E+11,Hugo Boss【HUGO】女士束腰带针织直筒连衣长裙50392415 ,0,1960,0,无数据
5.81522E+11,Hugo Boss【BOSS】男士商务休闲内裤50393071 ,4,224,1,5
5.82035E+11,Hugo Boss【Hugo】男士正装羊毛长裤50401120 ,0,2000,0,无数据
5.82705E+11,Hugo Boss【BOSS】男士商务休闲修身版棉质短袖T恤50398165 ,0,1200,0,无数据
5.78315E+11,Hugo Boss【BOSS】女士舒适休闲心形植绒印花V字领T恤衫50396121 ,1,539,0,无数据
5.83167E+11,Hugo Boss【BOSS】男士商务休闲手拿包50403358 ,0,3400,0,无数据
5.82513E+11,Hugo Boss【BOSS】男士商务休闲弹力棉中腰四角紧身内裤50325764 ,1,272,1,5
5.8328E+11,Hugo Boss【BOSS】女士商务休闲常规版西装50400528 ,0,4500,0,无数据
5.74333E+11,Hugo Boss【BOSS】男士商务休闲意大利牛皮革拉链钱包50390389 ,0,2800,1,5
5.83143E+11,Hugo Boss【HUGO】女士商务休闲西装50401443 ,0,3900,0,无数据
5.78099E+11,Hugo Boss【BOSS】男士商务休闲折叠钱包50397443 ,0,1320,0,无数据
5.80714E+11,Hugo Boss【BOSS】女士商务休闲平纹单面针织布上衣50402478 ,0,1000,0,无数据
5.68888E+11,Hugo Boss【BOSS】男士运动休闲logo的水手领短袖T恤50389696 ,108,660,22,4.8
5.76656E+11,Hugo Boss【Hugo】女士双色蕾丝铅笔半身裙50396603 ,2,1200,0,无数据
5.66012E+11,Hugo Boss【Hugo】男士常规版双面棉长袖套头卫衣运动衫50310522 ,5,1100,3,5
5.81061E+11,Hugo Boss【BOSS】男士商务休闲logo腰带直筒平角内裤50400798 ,7,300,3,5
5.78137E+11,Hugo Boss【Hugo】女士山峰提花圆翻领毛衣50392395 ,0,1260,0,无数据
5.77916E+11,Hugo Boss【BOSS】男士商务休闲T恤50387423 ,0,1650,0,无数据
5.6946E+11,Hugo Boss【BOSS】男士商务休闲斜纹棉布短裤50388520 ,4,870,0,无数据
5.69457E+11,Hugo Boss【BOSS】男士商务休闲长款钱包票夹50390178 ,2,1860,0,无数据
5.73594E+11,Hugo Boss【BOSS】女士舒适休闲条纹衬衫50392262 ,3,945,1,5
5.69375E+11,Hugo Boss【HUGO】女士和服风绣有小鸟图案裹身裙50390684 ,0,1950,0,无数据
5.65464E+11,Hugo Boss【Hugo】对比式边缘棉方巾口袋巾50386916 ,17,280,6,4.8
5.77339E+11,Hugo Boss【BOSS】男士商务休闲商务袜50388447 ,15,150,3,5
5.7503E+11,Hugo Boss【BOSS】男士商务休闲长款钱包50397452 ,0,2480,0,无数据
5.71752E+11,Hugo Boss【Hugo】女士黑色牛仔裤50389385 ,1,900,0,无数据
5.7492E+11,Hugo Boss【BOSS】女士舒适休闲侧缝镶边长裤50395914 ,0,1260,0,无数据
5.74582E+11,Hugo Boss【BOSS】男士商务休闲针扣腰带50398211 ,1,2200,1,5
5.76641E+11,Hugo Boss【BOSS】男士商务休闲LOGO短袖T恤50391355 ,1,700,0,无数据
5.74549E+11,Hugo Boss【BOSS】男士舒适休闲修身版长裤50379152 ,5,1100,2,5
5.69781E+11,Hugo Boss【BOSS】女士商务休闲褶皱衣领女士衬衫50390355 ,3,1100,0,无数据
5.82153E+11,Hugo Boss【BOSS】女士舒适休闲V领针织衫50402573 ,1,2200,0,无数据
5.81384E+11,Hugo Boss【BOSS】女士舒适休闲心形印花绉绸连衣裙50395908 ,0,2170,0,无数据
5.80842E+11,Hugo Boss【BOSS】男士商务休闲手工抛光金属胸针50403077 ,1,900,1,5
5.66402E+11,Hugo Boss【BOSS】男士商务休闲短袜50310410 ,8,150,1,5
5.82817E+11,Hugo Boss【BOSS】女士商务休闲常规版长款长袖连衣裙50402315 ,0,3700,0,无数据
5.72936E+11,Hugo Boss【BOSS】女士商务休闲中长款大衣外套50401510 ,0,5600,0,无数据
5.7482E+11,Hugo Boss【BOSS】女士舒适休闲对比色条纹V字领毛衣50391776 ,3,1260,0,无数据
5.72831E+11,Hugo Boss【BOSS】女士舒适休闲立领牛仔外套50392826 ,0,1960,0,无数据
5.81978E+11,Hugo Boss【BOSS】女士商务休闲羊皮革手提包50402910 ,0,7800,0,无数据
5.69328E+11,Hugo Boss【BOSS】男士商务休闲卡包票夹50390192 ,0,660,0,无数据
5.7665E+11,Hugo Boss【BOSS】男士舒适休闲运动衫毛衣50378541 ,3,1350,1,5
5.81974E+11,Hugo Boss【BOSS】女士舒适休闲牛仔短裙50400404 ,0,1550,0,无数据
5.76887E+11,Hugo Boss【Hugo】女士休闲版蝴蝶结袖口运动衫卫衣T恤50396177 ,1,945,0,无数据
5.75303E+11,Hugo Boss【BOSS】女士商务休闲压花牛皮革折叠钱包50397703 ,0,1540,0,无数据
5.71641E+11,Hugo Boss【BOSS】男士运动休闲压花logo短袖运动衫50388682 ,1,930,1,5
5.77383E+11,Hugo Boss【BOSS】女士舒适休闲侧缝镶边中腰长裤50395914 ,0,1260,1,5
5.71249E+11,Hugo Boss【BOSS】女士商务休闲无袖礼服连衣裙50390303 ,0,2500,0,无数据
5.65969E+11,Hugo Boss【BOSS】女士商务休闲牛皮革腰带50386397 ,1,1350,0,无数据
5.82104E+11,Hugo Boss【Hugo】男士时尚牛皮革卡包50403052 ,1,770,1,5
5.76884E+11,Hugo Boss【BOSS】女士商务休闲拉绳腰带弹力中腰长裤50396120 ,0,2000,0,无数据
5.74819E+11,Hugo Boss【BOSS】女士舒适休闲细条纹阔腿牛仔裤50392919 ,2,1155,0,无数据
5.78035E+11,Hugo Boss【BOSS】男士商务休闲印花T恤50390722 ,0,2200,0,无数据
5.7708E+11,Hugo Boss【Hugo】女士蝴蝶结束带迷你中腰针织半身裙50396193 ,2,770,0,无数据
5.72828E+11,Hugo Boss【BOSS】女士商务休闲弹力棉男友风衬衫50400546 ,1,1900,0,无数据
5.68983E+11,Hugo Boss【BOSS】女士商务休闲皮革腰带50386397 ,0,1350,0,无数据
5.43488E+11,Hugo Boss【BOSS】男士竖款牛皮票卡钱包 50311745 ,1,3400,0,无数据
5.72832E+11,Hugo Boss【Hugo】女士花色连衣裙50398849 ,0,3150,0,无数据
5.80844E+11,Hugo Boss【BOSS】男士商务休闲珐琅小猪装饰钥匙扣50403390 ,0,900,0,无数据
5.82239E+11,Hugo Boss【Hugo】女士漏斗领中长款针织衫50401353 ,0,1350,0,无数据
5.8224E+11,Hugo Boss【Hugo】女士印花短袖T恤针织衫50401174 ,1,660,1,5
5.81672E+11,Hugo Boss【Hugo】女士长款衬衫50400980 ,0,1550,0,无数据
5.81326E+11,Hugo Boss【Hugo】女士针织镶饰休闲版光泽面料长裤50396592 ,0,1320,0,无数据
5.69477E+11,Hugo Boss【Hugo】女士压花反转logo休闲版毛衣50389411 ,2,775,1,5
5.46987E+11,Hugo Boss【BOSS】男士商务衬衫 50260064 ,95,1200,31,5
5.69476E+11,Hugo Boss【BOSS】男士商务休闲修身版棉质衬衫50389196 ,6,1200,3,5
5.77451E+11,Hugo Boss【BOSS】男士商务休闲商务袜50388440 ,35,150,10,4.6
5.7503E+11,Hugo Boss【BOSS】男士商务休闲钱包卡包50397429 ,0,880,0,无数据
5.80392E+11,Hugo Boss【BOSS】女士舒适休闲桑蚕丝花色衬衫50392237 ,0,1330,0,无数据
5.7722E+11,Hugo Boss【BOSS】男士商务休闲商务袜50388448 ,14,150,2,5
5.69067E+11,Hugo Boss【BOSS】男士舒适休闲短袖polo衫50389218 ,16,1000,4,5
5.83145E+11,Hugo Boss【HUGO】女士常规版中腰迷你半身裙短裙50401016 ,0,1900,0,无数据
5.69477E+11,Hugo Boss【BOSS】男士商务休闲皮革手链50390611 ,2,1800,2,5
5.81977E+11,Hugo Boss【BOSS】女士舒适休闲针织衫50400754 ,0,890,0,无数据
5.71407E+11,Hugo Boss【BOSS】男士舒适休闲弹力棉短裤50389608 ,18,1100,6,5
5.69602E+11,Hugo Boss【BOSS】男士商务休闲意大利粒面革皮夹式钱包50390402 ,1,1450,1,5
5.69604E+11,Hugo Boss【Hugo】女士混纺中腰长裤50380833 ,4,1000,0,无数据
5.81866E+11,Hugo Boss【BOSS】女士舒适休闲长裤50400735 ,0,1800,0,无数据
5.74431E+11,Hugo Boss【BOSS】女士商务休闲折叠钱包50402777 ,0,1900,0,无数据
5.81707E+11,Hugo Boss【Hugo】女士长裤50401370 ,0,2000,0,无数据
5.7526E+11,Hugo Boss【BOSS】女士商务休闲牛皮革单肩包手拿包50397706 ,0,2590,0,无数据
5.71164E+11,Hugo Boss【BOSS】女士商务休闲铆钉装饰皮革腰带50390430 ,0,1350,0,无数据
5.64824E+11,Hugo Boss【BOSS】男士商务休闲短袜50310419 ,33,150,6,5
5.66207E+11,Hugo Boss【BOSS】男士商务休闲短袜50272236 ,52,140,9,4
5.70931E+11,Hugo Boss【BOSS】女士商务休闲托特包50390699 ,0,4200,0,无数据
5.69783E+11,Hugo Boss【BOSS】男士商务休闲意大利粒面革六卡槽卡包50390405 ,3,1000,1,5
5.74431E+11,Hugo Boss【BOSS】女士商务休闲钱包50397713 ,0,2170,0,无数据
5.73856E+11,Hugo Boss【Hugo】女士花卉印花衬衫50397564 ,0,1260,0,无数据
5.77033E+11,Hugo Boss【BOSS】女士舒适休闲桑蚕丝吊带背心50395006 ,0,1085,0,无数据
